#
# phishing_cleared_addresses is the list of addresses that have been confirmed
# to have been cleared (secured).
#
# The DATE is the date it was cleared.
#
# The add-address-to-list.pl script will check this file and remove any
# addresses that have a cleared date that is more recent than the listing date
#
# There is no type included, since the type is not relevant to the
# determination of when the addresses are cleared.
#
# List Format:
#
# ADDRESS,DATE
#
# The list is in alphabetical order.
#
..@me.com,20121105
08005813@qmu.ac.uk,20110328
09004768@qmu.ac.uk,20110328
11008636@glam.ac.uk,20130315
1800usbanks@usbank.com,20140808
20130744@abcol.ac.uk,20130527
7bbe81b951036c468c1d029113f418a30148d580ad82@kumbx.kuds.kingston.ac.uk,20130501
8help@osu.edu,20090908
a.a.leaf@soton.ac.uk,20110310
a.auzmendi@ucl.ac.uk,20120224
a.azzam@brighton.ac.uk,20160216
a.b.turner@abdn.ac.uk,20100324
a.bazazordeh@salford.ac.uk,20130510
a.brown393@canterbury.ac.uk,20130514
a.carrington@soton.ac.uk,20130123
a.carson@qub.ac.uk,20130213
a.cattrell@dmu.ac.uk,20130515
a.cullen@chelsea.arts.ac.uk,20130122
a.d.kraneveld@uu.nl,20090508
a.dawson@abdn.ac.uk,20100112
a.drammeh@almi.abdn.ac.uk,20120509
a.e.booth@exeter.ac.uk,20110518
a.ekkel@rvec.nl,20130918
a.f.johnson@glyndwr.ac.uk,20100601
a.g.taylor@mmu.ac.uk,20160415
a.goltsov@abertay.ac.uk,20130607
a.h.el-sagheer@soton.ac.uk,20130123
a.haigh@manchester.ac.uk,20140423
a.irish@worc.ac.uk,20130501
a.j.hughes@hud.ac.uk,20120416
a.j.scotchford1@aston.ac.uk,20130507
a.jamieson@bbk.ac.uk,20100422
a.janson@prosensa.nl,20100929
a.kerr@hw.ac.uk,20100507
a.kowalski@uea.ac.uk,20130501
a.kruseman@maastrichtuniversity.nl,20110119
a.l.vanwynsberghe@utwente.nl,20110310
a.langer@lbss.gla.ac.uk,20091214
a.laybourne@surrey.ac.uk,20130507
a.m.a.v.d.ven@tue.nl,20110323
a.m.aboalkhair@durham.ac.uk,20120713
a.m.birchall@salford.ac.uk,20130510
a.m.breen@bham.ac.uk,20110725
a.m.gonzalez.1@bham.ac.uk,20101122
a.m.shaw53@canterbury.ac.uk,20130514
a.mashayekhi@tudelft.nl,20121002
a.mccamley@shu.ac.uk,20130124
a.moir@abdn.ac.uk,20120322
a.nasir@cranfield.ac.uk,20130909
a.nicholls@lcc.arts.ac.uk,20120813
a.noddle122@canterbury.ac.uk,20130514
a.osborne@abdn.ac.uk,20110929
a.p.hogan@soton.ac.uk,20110908
a.plant@worc.ac.uk,20130501
a.popova@worc.ac.uk,20110321
a.prodromou@lancaster.ac.uk,20100420
a.salmon@lsbu.ac.uk,20110106
a.saric@students.uu.nl,20130228
a.shah11@lse.ac.uk,20130318
a.shairp@lipa.ac.uk,20090206
a.sigauke@abdn.ac.uk,20110929
a.simmance@soton.ac.uk,20130117
a.sinha@student.tue.nl,20150206
a.sivaprasadarao@leeds.ac.uk,20090918
a.t.j.m.jacobs@uvt.nl,20140709
a.teimouri.559812@swansea.ac.uk,20130502
a.thorne@strath.ac.uk,20090218
a.tommasi@imperial.ac.uk,20131127
a.tyrrell@latrobe.edu.au,20101013
a.vanbers@fontys.nl,20120327
a.vanwalsum@mst.nl,20110909
a.w.c.a.cornelissen@uu.nl,20101007
a.wall@chester.ac.uk,20130514
a.warakomska@uw.edu.pl,20120425
a.zampraka@tudelft.nl,20121119
aar07sg@reading.ac.uk,20091214
aaron.greene@yale.edu,20110608
aaron.lewis@bus.oregonstate.edu,20100810
ab7097@wayne.edu,20121129
abdul.qadir@abdn.ac.uk,20130311
abigail.davies@uwe.ac.uk,20111031
abusby8@k-state.edu,20101117
abuses@oregonstate.edu,20160303
account-info@rutgers.edu,20100224
account-security-noreply@account.microsoft.com,20140908
accountupgrade@ksu.edu,20130404
acole@dmu.ac.uk,20130515
adaly@glos.ac.uk,20131212
adam.perrin@midhosp.org,20120308
adam.wozniak@seh.ox.ac.uk,20130501
adam10.jones@uwe.ac.uk,20120416
adaqsb1@herts.ac.uk,20130502
adeniya26564@alumni.itc.nl,20131217
adeoluwa.ajibade.10@ucl.ac.uk,20130218
adm_sbh@shsu.edu,20100524
admin.tonysguboriaupri@rctednet.net,20120718
admin@d.umn.edu,20151013
admin@lamplugh.cumbria.sch.uk,20121102
admininfo@muskingum.edu,20131010
aelzinga@deltion.nl,20101007
afaucett@benedictine.edu,20121211
afyazzi@asu.edu,20090416
agallant@cooter.k12.mo.us,20150911
agathant@regents.ac.uk,20130510
agneta@gyllenehorden.se,20140423
ah4e10@soton.ac.uk,20130123
aharris20@elon.edu,20090827
ahbros@essex.ac.uk,20100303
ahmacias@utep.edu,20100407
ahmedsye@ecu.edu,20131127
ahycrjsc@nottingham.ac.uk,20130502
aidriss@ksu.edu.sa,20110819
aiesec@maastrichtuniversity.nl,20100902
aileen.schmidt@stir.ac.uk,20100903
aiyin.liao@manchester.ac.uk,20130122
akitover@rider.edu,20140220
al.thompson@abcol.ac.uk,20130527
alan.clegg@sunderland.ac.uk,20130607
alan.thomas@altoncollege.ac.uk,20130507
alberts@indiana.edu,20101129
alc169@student.bham.ac.uk,20150701
alexandra-franz@uiowa.edu,20150323
alexandra.askew@durham.ac.uk,20130501
alexandra.jackson.11@ucl.ac.uk,20120224
alexandra.laurie@abdn.ac.uk,20120906
alexandra.mullock@manchester.ac.uk,20140423
alianu.kingsly@uwe.ac.uk,20110307
alice.atkinson-bonasio@uwe.ac.uk,20100716
alison.pettigrew@hyms.ac.uk,20110408
alison4.taylor@uwe.ac.uk,20111014
alla@asb.dk,20110719
allison.sanders@oregonstate.edu,20160303
allison.weeter@durham.ac.uk,20120713
almira@kth.se,20121129
alparodi@vet-alfort.fr,20110322
alyssa-armstrong@uiowa.edu,20120924
alzubaia@lsbu.ac.uk,20130502
amacquet@agrocampus-ouest.fr,20140423
amal.shahri@abdn.ac.uk,20110929
amanda.jones@sth.nhs.uk,20140811
amarvin7@ku.edu,20150715
amatisoff@chcf.org,20110715
amb38@hw.ac.uk,20130510
amber@cakeoccasions.us,20150210
amen@cas.usf.edu,20091027
amryan@bne.catholic.edu.au,20110303
amy.judd@pearson.com,20111220
anarg.frangos@csun.edu,20100701
anastasia.chamberlen@kcl.ac.uk,20130515
anbraddon@ucdavis.edu,20130912
ander239@umn.edu,20120607
anders.winell@konstfack.se,20150408
anejab@ecu.edu,20131127
anewcomer@archstl.org,20120411
anewton@asmilan.org,20120227
angela.arnell@yorksj.ac.uk,20130501
angela.chacon@urosario.edu.co,20120413
angela.partington@uwe.ac.uk,20100331
angela.thomas@manchester.ac.uk,20140423
angharad.hughes@uwe.ac.uk,20120917
anis.merson@medstar.net,20150608
anita.chivers@petroc.ac.uk,20130625
anita.davies@postgrad.manchester.ac.uk,20130122
ann-marie.winberg@sv.se,20140605
ann.cartwright@austin.utexas.edu,20141113
ann.peng@cranfield.ac.uk,20100324
anna.krzyzanowska@ec.europa.eu,20090728
anna.lidhammar@eskilstuna.se,20150509
anna.waugh@uws.ac.uk,20110516
anne.dzakovic@strath.ac.uk,20091110
anne.flood@medstar.net,20150608
anne.hallam@ncn.ac.uk,20130515
anne.jackson@durham.ac.uk,20120713
anneke.vandijk@vumc.nl,20100909
annelies.riteco@hu.nl,20121217
annemieke.homan@telfort.nl,20091105
annemieke.vandenheuvel@student.hu.nl,20100602
annie.dang@csun.edu,20101008
ans75521@huskies.bloomu.edu,20091015
anthony.lacny@uwe.ac.uk,20100909
anthony2.west@uwe.ac.uk,20120917
aokahara@alameda.k12.ca.us,20120124
apace@jccc.edu,20120222
apx193@coventry.ac.uk,20130527
ar151@hw.ac.uk,20130510
ara012@shsu.edu,20100524
arcecro@jhmi.edu,20100114
arekem@berkeley.edu,20110318
arevaloj1@wpunj.edu,20150803
arhoan@wstribes.org,20110830
arlene-burns@educ.gla.ac.uk,20091214
arllawson@btopenworld.com,20101130
arobb-webb@ocvc.ac.uk,20130515
arseneau@grinnell.edu,20091125
artemi.sakellariadis@uwe.ac.uk,20111004
arthur.finke@manchester.ac.uk,20130122
as731@hw.ac.uk,20130510
asharili@rvc.ac.uk,20130502
ashley.fenwick@stir.ac.uk,20100903
asi@unimelb.edu.au,20110909
aslang@syr.edu,20091106
asnyder@sandiego.edu,20121129
asoto@ghchs.com,20090918
atkr@asb.dk,20120508
audrey.lee@uwe.ac.uk,20110823
av2270@wayne.edu,20130612
avinash.kumar@sgs.com,20160217
avittori@asu.edu,20090416
awhite3@sheffield.ac.uk,20130502
axa882@bham.ac.uk,20110705
axdavis@ivytech.edu,20130729
axromero@episd.org,20130307
axs616@bham.ac.uk,20110705
ayman.noreddin@hamptonu.edu,20121109
ayumi.kubo@kcl.ac.uk,20130515
az3520@wayne.edu,20110819
b-cionca@bethel.edu,20100707
b-frohnen@onu.edu,20100929
b.atkins@bolton.ac.uk,20100303
b.babunska@uu.nl,20131024
b.e.roberts@hud.ac.uk,20120416
b.griffin@imperial.ac.uk,20100408
b.grygielska@bham.ac.uk,20150701
b.karakullukcu@nki.nl,20121121
b.m.khan@sussex.ac.uk,20120413
b.r.j.squire@durham.ac.uk,20120713
b.rattray@abcol.ac.uk,20090206
b.salter@swansea.ac.uk,20130502
b.venugopal@beatson.gla.ac.uk,20130515
balicia@jccc.edu,20120222
ballingt@usa.redcross.org,20110706
bandtk@wudosis.wustl.edu,20111005
barbara.waine@manchester.ac.uk,20130122
barbara_morrow@ipsd.org,20110928
barbarabuttercase@adamsmith.ac.uk,20130501
barry.croft@uwe.ac.uk,20100303
bassem.khalaf@plymouth.ac.uk,20130501
bb00059@surrey.ac.uk,20130507
bbowers@mail.nih.gov,20090511
bbowman@tulane.edu,20111025
bbrantley@bpcc.edu,20120709
bburgunder@ucdavis.edu,20130912
bcraig2@jccc.edu,20120222
belen.lopez@uclm.es,20120515
ben.barter@uwe.ac.uk,20111014
benedict.fung@sgs.com,20160217
bengtake@kth.se,20121129
benjamin.baker.11@ucl.ac.uk,20120224
berger7@tcnj.edu,20090915
bernard_weiss@urmc.rochester.edu,20100518
bethleonardo@johnlscott.com,20101213
bette.hill@memorialhermann.org,20150904
bfinch@ku.edu,20101015
bfrey@passhe.edu,20111208
bgriscom@tnc.org,20120614
bhh@aber.ac.uk,20130501
bhupendra.jasani@kcl.ac.uk,20130515
biology@gwu.edu,20141215
birgitta.jacobsson@danderyd.se,20131212
bivor.shrestha@admin.cam.ac.uk,20131125
bivor.shrestha@cam.ac.uk,20131125
bjcesare@mail.plymouth.edu,20111216
bjhorneffer@liberty.edu,20101222
bkallenb@tulane.edu,20111025
bkisliuk@support.ucla.edu,20140206
black.cult.center@oregonstate.edu,20111027
blakeleyc@byui.edu,20121101
bnichols@georgebrown.ca,20110912
bobengtson@impulse.net,20111021
bodic003@umn.edu,20110401
bonev@cua.edu,20090714
boriek@bcm.tmc.edu,20100113
bosi.emanuele@hsr.it,20150227
bostelman.16@buckeyemail.osu.edu,20101229
bpbrown7@ksu.edu,20130828
bquintero@tmhs.org,20110609
brahim.achour@postgrad.manchester.ac.uk,20130122
breda.gray@ul.ie,20140923
brenick@svhs.org,20100422
brett@ci.uc.pt,20150224
brewster@illinois.edu,20140401
brf1@st-andrews.ac.uk,20130828
brian.brisco@nrcan-rncan.gc.ca,20111110
brian.carlson@sanfordhealth.org,20141021
brian.czerniecki@uphs.upenn.edu,20121011
brian.dewitt@kzoo.edu,20091130
bricknar@jmu.edu,20100401
brigitte.brown@cms.k12.nc.us,20100125
brooklyn-drake@uiowa.edu,20131010
browndan@rider.edu,20140220
bruce.gottlieb@mcgill.ca,20110214
brucen@algonquincollege.com,20111125
brust.15@osu.edu,20091107
bryn.caless@canterbury.ac.uk,20130514
bryony.sheaves@kcl.ac.uk,20130515
bryson@lincoln.edu,20121112
bspeck@cayboces.org,20130206
bstitch1@my.westga.edu,20090501
bswright@ku.edu,20150715
bt09367@qmul.ac.uk,20130527
btep@maastrichtuniversity.nl,20100902
bubulle@debian.org,20110815
bud.tedesco@rcc.edu,20120601
buddha@chemistry.msu.edu,20130219
burn0280@umn.edu,20090623
butlerer@bus.msu.edu,20110512
bwright@tburg.k12.ny.us,20151204
byron.giese@konoctiusd.org,20111214
bzzhao@phys.ksu.edu,20100901
c.anslow@staffordcoll.ac.uk,20130501
c.ballinger@soton.ac.uk,20110309
c.barron@rhul.ac.uk,20110202
c.blank@nki.nl,20121121
c.brannan@kingston.ac.uk,20130501
c.d.benning@soton.ac.uk,20130123
c.demunter@imperial.ac.uk,20150702
c.e.garabedian@stir.ac.uk,20130507
c.g.vanbeuningen@uva.nl,20100609
c.gatt@abdn.ac.uk,20100112
c.greig@swansea.ac.uk,20130502
c.hallows@bradfordcollege.ac.uk,20130501
c.hodes@fashion.arts.ac.uk,20130122
c.kappenberg@brighton.ac.uk,20100304
c.lambert@napier.ac.uk,20140423
c.m.vandenakker@uva.nl,20141014
c.mclauchlan@uq.edu.au,20090518
c.monroy@psych.ru.nl,20131028
c.nugent@soton.ac.uk,20111007
c.ogorman@ucc.ie,20150908
c.p.hawkins@pmed.keele.ac.uk,20100928
c.parkes@derby.ac.uk,20100310
c.peake@soton.ac.uk,20100922
c.richardson@bathspa.ac.uk,20121128
c.riess@latrobe.edu.au,20101013
c.rossiter@surrey.ac.uk,20130507
c.t.piza@sussex.ac.uk,20120823
c.thomson@bhasvic.ac.uk,20130507
c.toal@ecit.qub.ac.uk,20130213
c.wang@swansea.ac.uk,20130502
c.watts@mdx.ac.uk,20130118
c.white@derby.ac.uk,20130118
cam.kelly@dev.duke.edu,20120716
camilla.anderson.12@ucl.ac.uk,20130430
candy.mccabe@uwe.ac.uk,20101129
canorsworthy@ucdavis.edu,20150204
carias@aip.org,20150302
carin.magnusson@kcl.ac.uk,20100416
carmen.mortara@kcl.ac.uk,20100416
carmen@strw.leidenuniv.nl,20130201
carol-coohey@uiowa.edu,20091214
carol.gough@port.ac.uk,20130510
carol.leli@cuchicago.edu,20110222
carol.paret@memorialhermann.org,20150904
carol.soleau@oregonstate.edu,20160303
carol.thompson@castlecollege.ac.uk,20130502
carol.young@memorialhermann.org,20150904
carolyn.henry@okstate.edu,20091006
carpenteraebyt@ecu.edu,20131127
carrie-aldrich@uiowa.edu,20131212
catherine.brown@southwales.ac.uk,20131127
catherine.colomb-nancy@ec.europa.eu,20090728
catherine.warner@uwe.ac.uk,20120917
cathy.reed@claremontmckenna.edu,20110610
catkinso@glam.ac.uk,20130228
catriona.bacon@wsc.ac.uk,20130514
cb10apm@brunel.ac.uk,20120726
cbbsweb-l@clemson.edu,20130212
cbentley@uwic.ac.uk,20130501
cbridges@ecok.edu,20120420
cbyerly@stanfordmed.org,20120120
cbyers@muskingum.edu,20131010
cbyers@naco.org,20100730
ccaflisch@fairmontstate.edu,20111117
ccdrsb@leeds.ac.uk,20100330
ccm@rider.edu,20140220
ccmoltan@episd.org,20120604
ccoley@tcc.edu,20111004
ccorey@jccc.edu,20120222
ccw@aber.ac.uk,20090901
cd279@exeter.ac.uk,20130128
cdeberna@tulane.edu,20111025
cerian.ayres@petroc.ac.uk,20120309
cg.placements@northumbria.ac.uk,20130502
cg15g09@soton.ac.uk,20110310
cgoodwil@jccc.edu,20120222
cgreenleaf@heidrick.com,20111206
chang@ohio.edu,20110406
chanll@hku.hk,20130520
chaplain@cmcvellore.ac.in,20130506
charles.jones@detroitk12.org,20110819
charles.leonard@usoncology.com,20111107
charlesbaker@ucdavis.edu,20130912
charlie.houseago@westminster.org.uk,20111013
charlotte.wickins@port.ac.uk,20130510
chaz.baker@westminster-mo.edu,20120319
chemrcpt@pitt.edu,20111017
cheryl.graham@corvallis.k12.or.us,20120925
chinyere.uche@glasgow.ac.uk,20130225
chitalu.kabwe@plymouth.ac.uk,20150216
choir@magd.ox.ac.uk,20111005
chris-vinsonhaler@uiowa.edu,20130909
chris.b@abdn.ac.uk,20121129
christie.williams@mnsu.edu,20151211
christina.bernerus@svenskakyrkan.se,20140402
christine.drysdale@plymouth.ac.uk,20130501
christine.elmore@new-haven.k12.ct.us,20120717
christine.king.11@ucl.ac.uk,20120224
christine.moller@ki.se,20130924
christine.rouzioux@nck.aphp.fr,20110519
christophe.meneust@agrocampus-ouest.fr,20140423
christopher-wall@uiowa.edu,20130909
chuck.johnson@detroitk12.org,20110819
chunhe@iupui.edu,20100504
cindy.garza@memorialhermann.org,20150904
cinque.paola@hsr.it,20130130
cj.kremer@alfa-college.nl,20120927
cjpark0519@neo.tamu.edu,20090717
cjsedano@episd.org,20130307
ckelly@rider.edu,20140220
claesson@sund.ku.dk,20110509
claire.booth@glasgow.ac.uk,20130515
claire.khoury@cirad.fr,20150113
claire.mcguinness@strath.ac.uk,20121012
clansing@tburg.k12.ny.us,20150928
classite@tulane.edu,20111025
clauber@ivytech.edu,20130729
clem0193@umn.edu,20090224
clemens@msu.edu,20111025
cliftonsd@cardiff.ac.uk,20130501
clinicalclub@rvc.ac.uk,20130502
cmaynard@uoregon.edu,20081118
cmc138@pitt.edu,20141111
cmkiser@richland.edu,20130815
cmorrison@sd62.bc.ca,20151222
cnturner@my.lamar.edu,20110819
coadyp@algonquincollege.com,20131024
colee@arts.usf.edu,20090911
colin.bright@solent.ac.uk,20130501
colin.shackelford@tamuk.edu,20120322
colleen.addison@uottawa.ca,20100216
corkerya@rider.edu,20140220
counser@soton.ac.uk,20130123
courtney-holmes@uiowa.edu,20110831
coxmatt4@msu.edu,20111103
cp31@soas.ac.uk,20110524
cqin@bcd.tamhsc.edu,20110513
cr155@hw.ac.uk,20131127
craig.edwards@bishopg.ac.uk,20130501
craig.hanlon-smith@cwc.ac.uk,20131212
creche.uni@unine.ch,20160211
crissey@bcm.tmc.edu,20100113
cristyn.jenvey@vu.edu.au,20120815
crystalr@alsde.edu,20121004
cs-webmaster-bounces@lists.cam.ac.uk,20131125
cs08ddj@brunel.ac.uk,20120726
cspeake@uwm.edu,20111011
cstrohm@essex.ac.uk,20130215
cturner04@jccc.edu,20120222
curen@macomb.edu,20110819
curtisv@georgian.edu,20110818
customerservice@ecu.edu,20131127
cwalling@sd62.bc.ca,20151222
cwickenden@bournemouth.ac.uk,20130501
cychao@mail.npust.edu.tw,20130107
cynthia.mitchell@cms.k12.nc.us,20100125
d.abdelgafar@student.tue.nl,20150410
d.banks@rgu.ac.uk,20100215
d.bartlett@greenwich.ac.uk,20130501
d.chadwick@hud.ac.uk,20121121
d.chitcharoongkiat@abdn.ac.uk,20110120
d.cooper@lboro.ac.uk,20130501
d.dimitriu@mmu.ac.uk,20160415
d.g.thomas@herts.ac.uk,20130502
d.harwood@plymouth.ac.uk,20131127
d.holm@imperial.ac.uk,20101203
d.j.d.mohlmann@uva.nl,20100609
d.j.walsh@mmu.ac.uk,20130625
d.k.klemann@uva.nl,20130930
d.l.hayes@staffs.ac.uk,20110209
d.l.hilal@salford.ac.uk,20130510
d.laing@wlv.ac.uk,20130507
d.lester@abertay.ac.uk,20100223
d.lewis@lse.ac.uk,20100303
d.liu@lancaster.ac.uk,20111004
d.m.curtin@uva.nl,20100609
d.male@ioe.ac.uk,20110520
d.mclaggan@abdn.ac.uk,20130828
d.o.jones@glyndwr.ac.uk,20100308
d.price@abdn.ac.uk,20110929
d.r.townsend.522409@swansea.ac.uk,20130502
d.rose@roehampton.ac.uk,20130502
d.sanz@uu.nl,20101007
d.soto-morettini@napier.ac.uk,20140423
d.stclair@abdn.ac.uk,20100112
d.streefkerk@rijnland.nl,20121130
d.thomaswallis90@canterbury.ac.uk,20130514
d.visser@lboro.ac.uk,20130529
d.willcocks@yorksj.ac.uk,20130501
dabennet@ivytech.edu,20130729
dajung@k-state.edu,20110819
dakota.s.williams@wmich.edu,20121012
dalemic1@msu.edu,20101006
dan.blott@port.ac.uk,20130510
daniel-altosino@uiowa.edu,20130909
daniela.lai@manchester.ac.uk,20130122
danlidholm@hibbing.edu,20121009
dardagh@csu.edu.au,20100914
daryl.ellison@state.mn.us,20110325
daryll.kinnane@ntschools.net,20130909
das23@aber.ac.uk,20120925
dave.olfelt@state.mn.us,20110325
david-gompper@uiowa.edu,20151007
david-vorwald@uiowa.edu,20110831
david.bryant@solent.ac.uk,20130501
david.faulkner@rhul.ac.uk,20130313
david.garoz@upm.es,20130124
david.garrod@manchester.ac.uk,20130122
david.lusk@uws.ac.uk,20110516
david.mitton@hey.nhs.uk,20150408
david.parker@port.ac.uk,20130510
david.pence@sinclair.edu,20100322
david.prybylo@cms.k12.nc.us,20100125
david.rodbaugh@csun.edu,20101110
david.sanders@falmouthmarineschool.ac.uk,20130501
david.smith@sgs.com,20160217
david.thompson@samhsa.hhs.gov,20120305
david.vaughn@uphs.upenn.edu,20120621
david15.evans@uwe.ac.uk,20101005
dawn.slater@gloscol.ac.uk,20130502
daycentre@supanet.com,20110321
dbunk@tcc.edu,20111010
dcook@rider.edu,20140220
dcox@sd62.bc.ca,20151222
debbie.thomas@detroitk12.org,20110819
deborah-millsap@uiowa.edu,20110831
deborah.griffin-ferguson@detroitk12.org,20110819
deborah.micallef@uwl.ac.uk,20130515
deedee.myers@pearson.com,20111220
denis.moss@qimr.edu.au,20100408
denise.fernandez@uwe.ac.uk,20111004
denise.haviland@duke.edu,20140728
dennis-yeager@uiowa.edu,20140206
dennis.dixon@cms.k12.nc.us,20100125
desaic@ics.uci.edu,20151019
desiree.holland@vu.edu.au,20130529
despina.hatzifotiadou@cern.ch,20110315
dfasko@bgsu.edu,20120127
dfrench@tcc.edu,20111004
dfscott@princeton.edu,20090827
dgiannola@rider.edu,20140220
dgould@liverpool.ac.uk,20090212
dgrall1@niu.edu,20141008
dgriffin@saulttribe.net,20141204
dhalvers@ivytech.edu,20130729
dhunt@dmu.ac.uk,20110117
dhussong@rider.edu,20140220
dialimentos@urosario.edu.co,20120413
diane.greenwood@blackburn.ac.uk,20120716
dianne.fleetham@sunderland.ac.uk,20130607
dick0375@umn.edu,20090224
diego.munevar@urosario.edu.co,20120413
discover@service.discover.com,20130909
djp2g08@soton.ac.uk,20100303
dkubitsky@rider.edu,20140220
dlarrabee@clrc.ca.gov,20140903
dmf@st-andrews.ac.uk,20091022
dmiller6@nd.edu,20120515
dmorgan@abdn.ac.uk,20110120
dmurphy2@glam.ac.uk,20100506
dmurphy@benedictine.edu,20121211
dolk@cbs.mpg.de,20120831
dolphin2@uab.edu,20130823
dominique.dumont@concordia.ca,20150727
don.meagher@pearson.com,20111220
donald-brown@uiowa.edu,20140812
donna.catt@dese.mo.gov,20131107
donna.maguire@glasgow.ac.uk,20130225
dora.johnson@ntu.ac.uk,20131127
dorota.frankowska@vu.edu.au,20111202
dorothea.seebode@philips.com,20100702
dorothy.johnson@uws.ac.uk,20110516
dorothy@akmarine.org,20110303
douglas.colton08@kzoo.edu,20091130
doutland@ivytech.edu,20130729
dowling@mcb.harvard.edu,20100526
drc@sd62.bc.ca,20151222
drm_ldr@shsu.edu,20101011
drocke@nps.k12.va.us,20120511
drroosle@episd.org,20130307
dsu.reception@durham.ac.uk,20120713
dt10smp@brunel.ac.uk,20120726
dteta@suffolk.lib.ny.us,20130129
dudley@tarleton.edu,20110722
dvaleri@uvic.ca,20101124
dwantoch@jccc.edu,20120222
dweaver@med.wayne.edu,20100730
dwolfe@regis.edu,20130304
dzager@pace.edu,20100216
e.a.ruben@herts.ac.uk,20130502
e.broomhead@2006.hull.ac.uk,20120424
e.c.d.crossley@bham.ac.uk,20090212
e.coplakova@tudelft.nl,20100608
e.dudley-1@plymouth.ac.uk,20090212
e.glynn@tees.ac.uk,20130122
e.hollins@salford.ac.uk,20130510
e.jackson1@salford.ac.uk,20090212
e.l.castro@utwente.nl,20131024
e.m.jones@glyndwr.ac.uk,20131127
e.p.carson@qub.ac.uk,20130213
e.p.mcelhinney@open.ac.uk,20130530
e.vos@let.ru.nl,20120203
ea318@andromeda.rutgers.edu,20130409
eaccountnotify@verizonwireless.com,20120616
eagraviss@tmhs.org,20110609
eahia@rider.edu,20140220
earle-stellwagen@uiowa.edu,20150302
ebarnard@winona.edu,20110516
ed00041@surrey.ac.uk,20130507
edbertan@kcnet.org,20090928
ednan.aslan@univie.ac.at,20100505
eduncan@richland.edu,20130815
efedotov@abdn.ac.uk,20091118
eflluo@ntu.edu.sg,20120306
egrice@mail.med.upenn.edu,20131023
ehindson@ivytech.edu,20130729
ejenkins@albion.edu,20130815
ekarlin@aamc.org,20110913
elaine.chiang@uphs.upenn.edu,20121011
eleanor.thompson@postgrad.manchester.ac.uk,20101105
elena.dellaquila@plymouth.ac.uk,20130218
elena.torricelli@ntu.ac.uk,20131127
elfriede.vanstraalen@hu.nl,20121217
elizabeth-m-sanders@uiowa.edu,20131212
elizabeth.martin@courts.state.mn.us,20151116
elizabeth.newman@uwe.ac.uk,20151123
elizabeth.orning@oregonstate.edu,20160303
ellen-cram@uiowa.edu,20131212
ellen.everidge@oregonstate.edu,20160303
ellice@pitt.edu,20110831
elwyn.baynham@stfc.ac.uk,20130502
em609@live.mdx.ac.uk,20130118
emerle@ivytech.edu,20130729
emily-schilling@uiowa.edu,20120906
emily.hatcher@kcl.ac.uk,20130515
emmi.silfverberg@aalto.fi,20140627
emoreno@cde.ca.gov,20130918
emxql1@nottingham.ac.uk,20130502
enallsb@rider.edu,20140220
epgrant@ucdavis.edu,20130912
eric.ely@oregonstate.edu,20110913
eric.langley@rhul.ac.uk,20130313
erica.steenberg@wits.ac.za,20130725
ericadf@k-state.edu,20110217
ericjustin@college.harvard.edu,20121026
ericka.johnson@memorialhermann.org,20150904
erickath@supanet.com,20130709
erin.sarzynski@hc.msu.edu,20110930
erin_robason@baylor.edu,20130305
ernest.boswell@century.edu,20110309
eseng@hku.hk,20130520
esnexistanbul@esnturkey.org,20120106
esorensen@santarosa.edu,20101019
esr4@aber.ac.uk,20131127
esther.sonnet@port.ac.uk,20120621
eva.turley@lhsc.on.ca,20110304
ewa.hausenkamph@halmstad.se,20140923
ewm.jansen-vlek@dienst.vu.nl,20100909
exc106@bham.ac.uk,20120425
ext.campbell7@rgu.ac.uk,20130501
eyko@llu.edu,20120925
eyyjam@hku.hk,20121026
f.c.boogerd@vu.nl,20120327
f.casal.bertoa@fsw.leidenuniv.nl,20121129
f.gaosmith@bham.ac.uk,20120425
f.j.maillardet@brighton.ac.uk,20160121
f.kolk@maastrichtuniversity.nl,20101018
f.mishna@utoronto.ca,20100514
f.mitchell@qub.ac.uk,20130527
f.seifan@uva.nl,20140310
f.thompson@manchester.ac.uk,20140423
f.ugbor@unido.org,20140515
f.w.chisholm@soton.ac.uk,20100303
f.zhou@lumc.nl,20120530
fanzhiy@cardiff.ac.uk,20130501
feketemi@lewisu.edu,20100330
felicity.callard@kcl.ac.uk,20091111
ferdinand.vanwijk@hu.nl,20100319
finlay.mcnab@glasgow.ac.uk,20130225
fisherc@duvalschools.org,20091028
fisherd@parkhill.k12.mo.us,20111102
fkhan@westga.edu,20091211
flaming@k-state.edu,20130211
florentina.enea@port.ac.uk,20130510
fmadrid@med.wayne.edu,20111109
fmatthews@glos.ac.uk,20130502
fms7@st-andrews.ac.uk,20140815
foglea@friscoisd.org,20120918
fortinc@msu.edu,20111123
frank@nd.edu,20100719
frano.ivezaj@detroitk12.org,20110819
fraser.wright@imgworld.com,20111209
freddie.cleworth@rhul.ac.uk,20130313
fredrik.karpe@ocdem.ox.ac.uk,20111005
frjohnson@rti.org,20091023
frost@litcul.sdu.dk,20101125
frussell@andromeda.rutgers.edu,20110414
frye.78@osu.edu,20120416
fxg025@bham.ac.uk,20120425
g.a.debruijne@uva.nl,20130607
g.b.anthony@abdn.ac.uk,20110321
g.craig@hull.ac.uk,20131115
g.frerks@uu.nl,20130228
g.hardy@massey.ac.nz,20121226
g.harris@greenwich.ac.uk,20100303
g.henkel@fontys.nl,20130924
g.hofstede@uu.nl,20101007
g.homan@mmu.ac.uk,20130625
g.ihongo@abdn.ac.uk,20130524
g.maccormack@abdn.ac.uk,20110120
g.nabi@abdn.ac.uk,20090212
g.vojdani1@csm.arts.ac.uk,20130122
gail.taylor@castlecollege.ac.uk,20130502
gallen@jecsd.org,20160413
gansert@uww.edu,20091204
garcia.7@osu.edu,20101025
gardnerr@wudosis.wustl.edu,20111005
gary.smith@abdn.ac.uk,20100112
gatimub@onid.orst.edu,20131010
gay.smith@bsci.com,20160407
gdeblasio@santarosa.edu,20101019
gdiepenbrock@ku.edu,20150715
geoffrey.soma@kcl.ac.uk,20130515
geogsoc@abdn.ac.uk,20120510
george.ellis@kcl.ac.uk,20131127
george.peden@stir.ac.uk,20100903
george.solomon@ucdenver.edu,20121227
george.wood@uwe.ac.uk,20120917
gerberr1@southernct.edu,20101005
gergelygy@ceu.hu,20120814
gferreir@health.usf.edu,20100812
gharvey.t1@ucreative.ac.uk,20130510
gherring@latech.edu,20110921
ghou@odu.edu,20120130
gianni.corino@plymouth.ac.uk,20131127
gibalaux@hum.leidenuniv.nl,20131121
gill@roehampton.ac.uk,20130502
gillmatm@uwec.edu,20151211
gksh@unimelb.edu.au,20130225
glenda.cook@northumbria.ac.uk,20130502
glh3@cornell.edu,20110902
glimon@rvc.ac.uk,20130502
glk1pls@bolton.ac.uk,20130502
glongmor@dom.wustl.edu,20130116
glyn.stone@uwe.ac.uk,20100820
gma1q07@soton.ac.uk,20101126
gmarkowski@ivytech.edu,20130729
gmasters@glos.ac.uk,20130502
gmiller@tburg.k12.ny.us,20150901
gmw537@bham.ac.uk,20090212
gmwdshp1@prtel.com,20120220
gnoah@tcc.edu,20111004
gode26512@itc.nl,20110328
gordon.reeves@oregonstate.edu,20120813
gordon.sibbald@leedscitycollege.ac.uk,20130527
gospodarek@email.chop.edu,20120420
graham.radford-smith@qimr.edu.au,20110922
graham.zanker@canterbury.ac.nz,20110916
grant.fitton@polytechnic.wa.edu.au,20150924
greenr@pbworld.com,20100518
greg.chen@don.ac.uk,20111013
grgreenberg@rider.edu,20140220
grofts2@od.nih.gov,20120116
gscharrenberg@deltion.nl,20130115
gsilcox@ivytech.edu,20130729
gulz@karmanos.org,20111109
gunilla.johnston@ltdalarna.se,20150224
guru.sonpavde@usoncology.com,20110924
guy.kirk@northumbria.ac.uk,20130502
gwallace@uab.edu,20121002
gwwilson@ku.edu,20090917
h-women@h-net.msu.edu,20090714
h.bosma@dienst.vu.nl,20100909
h.c.keulen@student.tue.nl,20140522
h.c.waddington@brighton.ac.uk,20140701
h.carter@uel.ac.uk,20130501
h.dale08@lipa.ac.uk,20130501
h.e.stoneley@derby.ac.uk,20100310
h.fransen@library.leidenuniv.nl,20121029
h.h.echrish@2007.hull.ac.uk,20111108
h.johnson@latrobe.edu.au,20101013
h.k.deboer@saxion.nl,20150209
h.r.fox@derby.ac.uk,20090212
h.sawers@napier.ac.uk,20130510
h.staniland@soton.ac.uk,20130123
h.vanschaik@belcombinatie.nl,20110315
h0023437@graduate.hku.hk,20130520
ha08062@qmul.ac.uk,20130527
habte24089@alumni.itc.nl,20110406
haina.zhang@glasgow.ac.uk,20130225
hairstonm@ecu.edu,20131114
hamilton.1@osu.edu,20120706
hannah.morcos@kcl.ac.uk,20130515
hanne.palmquist@svt.se,20141216
hans.zwart@stenden.com,20110411
hansonl@longwood.edu,20110921
harald.brune@epfl.ch,20120518
harald.tjelle@kungsbacka.se,20140528
hargreav@mcmaster.ca,20110201
harry.tolley@nottingham.ac.uk,20120109
haruka.hirayama@manchester.ac.uk,20140423
harvey.poniachek@business.rutgers.edu,20130927
hawkinsj6@cardiff.ac.uk,20130501
hayderabdulkhaleq-alalwan@uiowa.edu,20120924
hazel.williams@ntu.ac.uk,20131127
hb12g10@soton.ac.uk,20130123
head@monkwray.cumbria.sch.uk,20130606
helen.schwantje@gov.bc.ca,20091022
helen.slade@ntu.ac.uk,20131127
helen.tennican@oregonstate.edu,20160303
helen2.bovill@uwe.ac.uk,20100303
helena.radke@uqconnect.edu.au,20110912
helene.dominguez@univ-avignon.fr,20100622
help-desk1@londonmet.ac.uk,20130510
helpdesk.science.uva.nl@gmail.com,20100609
helpdesk.team02@dmu.ac.uk,20130515
helpdesk@cam.ac.uk,20130501
helpdesk@ed.ac.uk,20130501
helpdesk@hermes.cam.ac.uk,20130501
helpdesk@rutgers.edu,20100224
helpdesk@ufl.edu,20120911
hemiparasites@uclouvain.be,20130427
hendro24245@alumni.itc.nl,20110406
henrietta.wilson@seh.ox.ac.uk,20120229
herbertjo@rider.edu,20140220
herman.vangoethem@ua.ac.be,20130909
hesham.mesbah@postgrad.manchester.ac.uk,20130122
heshams@kth.se,20121129
hfday@uclan.ac.uk,20120512
hgillis@tulane.edu,20121001
hhen@k-state.edu,20130212
hissong@uta.edu,20100901
hj295@hermes.cam.ac.uk,20130926
hjacobs@adelphi.edu,20110922
hkifle@irsc.edu,20120628
hmcp22@soton.ac.uk,20100908
hmiyakaw@uvic.ca,20150316
hmurphy@sgul.ac.uk,20130718
holtp@mail.rockefeller.edu,20110728
holtp@rockefeller.edu,20110715
homiak@oxy.edu,20100113
hpcom@uottawa.ca,20100216
hrnsgre@hkucc.hku.hk,20130520
hsa634@bham.ac.uk,20110705
hsiao.liu@qmul.ac.uk,20150708
hsx213@coventry.ac.uk,20130527
hta@soton.ac.uk,20100831
huan@k-state.edu,20130211
hubert.timmermans@maastrichtuniversity.nl,20110902
hyy1g10@soton.ac.uk,20130123
i.abramovic@student.tue.nl,20150206
i.aliu@mmu.ac.uk,20160415
i.batool@2008.hull.ac.uk,20101209
i.bohovych@abdn.ac.uk,20100112
i.bournakis@mdx.ac.uk,20130118
i.crombie@abdn.ac.uk,20110120
i.gurdal@sussex.ac.uk,20120823
i.mitchell@mmu.ac.uk,20160415
i.mitchell@trinitylaban.ac.uk,20131127
i.science@imperial.ac.uk,20120122
i.vessey@business.uq.edu.au,20110920
iali@kth.se,20121129
ian.creagh@kcl.ac.uk,20100416
ibc@tulane.edu,20111025
ils201@exeter.ac.uk,20130128
incoming.mobility@reit.up.pt,20120620
info.@bris.ac.uk,20130502
info@brac.net,20130325
info@cam.ac.uk,20131125
info@eden.rutgers.edu,20100224
info@erasmusmc.nl,20120810
info@gold.ac.uk,20130515
info@hermes.cam.ac.uk,20131125
info@ig.com,20131212
info@newegg.com,20120914
info@onid.orst.edu,20120307
info@snsbank.nl,20120113
info@st-andrews.ac.uk,20130501
info@svenssons.se,20140725
ing-britt.hagstrom@eskilstuna.se,20140520
ingeranne.herlitz@taby.se,20140206
ingmar.smit@student.hu.nl,20121217
ipedersen@ucsd.edu,20091120
isabelle_teller@intuit.com,20150911
ismail.ravat@students.wits.ac.za,20130725
it.dept@cam.ac.uk,20130501
it.ftc-g@csun.edu,20100929
itsshelp@umn.edu,20110330
iyoshi@k-state.edu,20120123
j.a.morgan-evans@lse.ac.uk,20130318
j.a.schoo@utwente.nl,20110310
j.alekna@bham.ac.uk,20110705
j.armstrong@abertay.ac.uk,20081201
j.b.harris@newcastle.ac.uk,20090916
j.berthelemy@roehampton.ac.uk,20130502
j.boum-make@warwick.ac.uk,20130118
j.burgoyne@lancaster.ac.uk,20101129
j.c.h.stillwell@leeds.ac.uk,20100211
j.coates@roehampton.ac.uk,20130502
j.cody@abdn.ac.uk,20110120
j.costa@qub.ac.uk,20130213
j.dobson@mmu.ac.uk,20130625
j.gerson@soton.ac.uk,20110523
j.groppi@qmul.ac.uk,20130527
j.h.leah@soton.ac.uk,20100617
j.hamilton-hart@swansea.ac.uk,20100128
j.hannay@brighton.ac.uk,20100304
j.hardy@uel.ac.uk,20130501
j.hayling@se11.qmul.ac.uk,20130527
j.healey@uea.ac.uk,20130501
j.heaps@bolton.ac.uk,20160217
j.inal@londonmet.ac.uk,20130510
j.j.agelink@student.tudelft.nl,20100608
j.j.whittle.485497@swansea.ac.uk,20100201
j.l.collinge@warwick.ac.uk,20130118
j.lewis@derby.ac.uk,20100310
j.m.cartledge@bham.ac.uk,20120425
j.m.parker@exeter.ac.uk,20090218
j.m.wester@uva.nl,20141118
j.murzi@kent.ac.uk,20130125
j.n.m.dekker@uu.nl,20101007
j.o.a.olatoregun-adepoju@warwick.ac.uk,20130118
j.p.a.vennix@student.tue.nl,20150206
j.palfreyman@abertay.ac.uk,20091123
j.r.charles@sussex.ac.uk,20090406
j.riddle@uel.ac.uk,20130501
j.s.livingston@abdn.ac.uk,20110120
j.s.ulph@durham.ac.uk,20120713
j.solheim@soton.ac.uk,20130123
j.stedmon@plymouth.ac.uk,20140828
j.stokes602@canterbury.ac.uk,20130514
j.storey@abdn.ac.uk,20100303
j.tanton@staff.newman.ac.uk,20130501
j.vantijn@uva.nl,20141118
j.yang@open.ac.uk,20120424
j.yao@leeds.ac.uk,20090918
j916g061@ku.edu,20150715
ja00125@surrey.ac.uk,20130507
jack.carter@shawgrp.com,20100709
jackie@peaceucc.org,20151027
jacques.prost@curie.fr,20121023
jacqui.powell@hey.nhs.uk,20150408
jagreen@cardiffmet.ac.uk,20130501
jaime.morrison@csun.edu,20101013
james.preston@sru.edu,20131107
james.thickett@ofcom.org.uk,20140401
james.thompson@strath.ac.uk,20120703
james.williams24@wayne.edu,20130722
jamie.thompson@student.rncm.ac.uk,20130501
jan.schofield@liv-coll.ac.uk,20130502
jan.thasing@hu.nl,20121217
jane.foulkes@manchester.ac.uk,20140423
jane.jackson@cbs.ac.uk,20130501
jane.moore@uwe.ac.uk,20140509
jane.murray@northampton.ac.uk,20131023
jane.o'brien@kcl.ac.uk,20130515
jane.sharp@kcl.ac.uk,20130515
jane.thomas@ballarat.edu.au,20120905
janet.hitchner@cms.k12.nc.us,20100125
janet.kwok@uwe.ac.uk,20120917
janet.mclelland@nuth.nhs.uk,20130815
janet.pearce@plymouth.ac.uk,20130221
janice.taylor2@memorialhermann.org,20150904
janio.tjoe-awie@wur.nl,20111212
jasingh@cde.ca.gov,20130918
jasmine.marshall@ucl.ac.uk,20100510
jason.jiang@cchmc.org,20130206
jay.bochner@umontreal.ca,20111018
jay.mahoney@pierpont.edu,20120531
jbowker@oregonstate.edu,20120813
jbreit@jccc.edu,20120222
jcabrita@ff.ul.pt,20110114
jci84414@huskies.bloomu.edu,20110118
jcjones@uwic.ac.uk,20130501
jcoleman@pantheon.yale.edu,20110706
jdashley@k-state.edu,20110324
jdd024@shsu.edu,20100719
jdipersi@dom.wustl.edu,20091118
jean-marie.degryse@cumg.ucl.ac.be,20110615
jean-marie.degryse@uclouvain.be,20110615
jean.berlamont@bwk.kuleuven.be,20100601
jean.rankin@uws.ac.uk,20110516
jeeyoungpark@uchicago.edu,20120713
jeff.logsdon@writtle.ac.uk,20130501
jeffrey.smith@manchester.ac.uk,20130122
jelang@math.ksu.edu,20120920
jeness.scott@oregonstate.edu,20160303
jenice.thompson@manchester.ac.uk,20140423
jennie.parker@uwe.ac.uk,20100927
jenningsg@byui.edu,20121101
jenningsj1@southernct.edu,20110509
jenny.carwardine@uwe.ac.uk,20121130
jenny.watkins@bcu.ac.uk,20130607
jepstein@brookings.edu,20090903
jeroen.hendriks@maastrichtuniversity.nl,20110210
jeroen.stoof@student.hu.nl,20121217
jerome.brown@csun.edu,20100701
jerrold-weiss@uiowa.edu,20110831
jes2@soton.ac.uk,20110908
jessica.davis@sydney.edu.au,20101109
jessica.nichols@cmft.nhs.uk,20140423
jesushamilton.ortiz@uclm.es,20120515
jferrick@rider.edu,20140220
jfraat@k-state.edu,20130828
jgaspar@mays.tamu.edu,20121211
jgeorge@pasen.gov,20101117
jglasper@brock.ac.uk,20100625
jgreek@llu.edu,20120925
jheller@usf.edu,20100312
jhenk@uark.edu,20130828
jian.wang@newcastle.ac.uk,20130118
jim.crowther@castlecollege.ac.uk,20130502
jim.masters@devon.gov.uk,20110621
jinwei.zhang@newcastle.ac.uk,20090902
jjefferson2@ivytech.edu,20130729
jkerr@hsc.wvu.edu,20160518
jkplowman@ucanr.edu,20130912
jlcopenhaver@liberty.edu,20090317
jlmenard@mail.plymouth.edu,20121016
jm24@soton.ac.uk,20130123
jmcelhaney@uchc.edu,20110915
jmcneill@interchange.ubc.ca,20100825
jmusy@sd62.bc.ca,20151222
jnambu@fau.edu,20111102
jnonnama@tulane.edu,20111025
joanna.williams@kcl.ac.uk,20130515
joanne.anderson@twmuseums.org.uk,20130409
joanne.chandler@uwe.ac.uk,20120917
jodi-kempel@uiowa.edu,20110831
joe.goldstein@utsouthwestern.edu,20150120
johan.paalzow@konstfack.se,20150408
john.j.ricotta@medstar.net,20150608
john.j.rieser.2@vanderbilt.edu,20160606
john.jabroo@uwe.ac.uk,20100525
john.karlsson@agric.wa.gov.au,20131227
john.langton@sjc.ox.ac.uk,20111005
john.parr@glasgow.ac.uk,20130225
john.rychtarik@sdstate.edu,20110127
jonathan5.ward@uwe.ac.uk,20110922
jonathan_roach@baylor.edu,20130305
joneska@mail.nih.gov,20120216
jorg.stetefeld@ad.umanitoba.ca,20120814
josef.tupy@doosan.com,20160422
joseph-henrici@uiowa.edu,20110831
joseph.bennett@pierpont.edu,20120501
joseph.betz@villanova.edu,20090414
joseph.kinney@villanova.edu,20090414
josephine.mcdonagh@kcl.ac.uk,20111117
josie.mcconnell@kcl.ac.uk,20130515
jowie.alcala@thomsonreuters.com,20121024
joy.murray@uwe.ac.uk,20120917
jp.jacobs@student.fontys.nl,20131108
jperrillo@utep.edu,20100408
jpolutan@unex.ucla.edu,20110729
jrc30@sussex.ac.uk,20090406
jredmon@cca.edu,20120404
jroosevelt@mcny.edu,20150415
js14@brighton.ac.uk,20150901
jscheuri@iupui.edu,20151218
jst@sam.sdu.dk,20130605
jsun8@ucmerced.edu,20110619
jswindell@ku.edu,20101015
jtaggart@sgul.ac.uk,20100608
jtranqua@oxy.edu,20100113
juan.solanoguisbert@postgrad.manchester.ac.uk,20140423
judith.barron@ccb.cornwall.ac.uk,20130501
judith.bloomquist@tamuk.edu,20120322
judith.mann@cbs.ac.uk,20130501
judith.trewick@northumbria.ac.uk,20130502
judith.ward@ntu.ac.uk,20130501
julia.kelly@kcl.ac.uk,20130515
julie.hobbs@uwe.ac.uk,20100923
julie.roome@uwe.ac.uk,20110929
julie6.taylor@uwe.ac.uk,20100324
julien.baker@uws.ac.uk,20110516
julien.lesgourgues@cern.ch,20130919
juneh@calderdale.ac.uk,20130515
jung-chao.wang@wmich.edu,20130311
junior.teo@qut.edu.au,20160331
justus.wesseler@wur.nl,20120320
jvanhnas@scripps.edu,20101123
jvos@hsc.wvu.edu,20160518
jwalshmd@tulane.edu,20111025
jwang@hsc.wvu.edu,20160518
jweilburg@partners.org,20110331
jwindsor@fulton.cnyric.org,20120411
k.a.welsby.483144@swansea.ac.uk,20130502
k.begloo@mbro.ac.uk,20130501
k.burnett2@brighton.ac.uk,20160114
k.c.m.wilson@liverpool.ac.uk,20100301
k.calpin.1@research.gla.ac.uk,20091214
k.dempster@napier.ac.uk,20130510
k.e.lewis@swansea.ac.uk,20100204
k.e.tokis@lse.ac.uk,20131127
k.henry@imperial.ac.uk,20130430
k.kooiman@student.fontys.nl,20140305
k.l.haywood@warwick.ac.uk,20110420
k.l.ince@bham.ac.uk,20090204
k.l.walden@herts.ac.uk,20130502
k.lyons@londonmet.ac.uk,20110304
k.mitchell@gsa.ac.uk,20091111
k.oakes@qub.ac.uk,20130213
k.s.virdi@city.ac.uk,20130501
k.shuttleworth@lancaster.ac.uk,20100420
k.tota-maharaj@salford.ac.uk,20130510
k.vangalen@vumc.nl,20101201
k_teixeira@mail.plymouth.edu,20100715
kaalg01@tamuk.edu,20120322
kalivasp@musc.edu,20110216
kalokla@tulane.edu,20111025
kamacdonald@uwaterloo.ca,20100927
kaminer@nps.edu,20100909
karen-nelson@uiowa.edu,20110831
karen.bridges@cwc.ac.uk,20130515
karen.brown@oregonstate.edu,20120702
karen.carlone@quinnipiac.edu,20120314
karen.hanen.36@csun.edu,20101019
karen.r.borman@medstar.net,20150608
karen3.lewis@uwe.ac.uk,20101005
karen6.jones@uwe.ac.uk,20110124
kares1el@cmich.edu,20101012
kashif3.hameed@uwe.ac.uk,20100603
kasongo.butler@fldoe.org,20120125
kate.duncan@asu.edu,20090415
kate.venne@marquette.edu,20120821
kathleen.turner@yale.edu,20110706
kathryn.bique@state.mn.us,20110325
kathryn.parlin@uconn.edu,20121107
kathy-smith-1@uiowa.edu,20121126
kathy.zaiken@mcphs.edu,20100826
katjad@sund.ku.dk,20110324
katrina.gladney@wayne.edu,20121129
katrina.martin@stir.ac.uk,20130507
kaulaskk@karmanos.org,20111109
kcampbell@oregonstate.edu,20100809
kcarter@glos.ac.uk,20130502
kdeegan@csu.edu.au,20100914
kegus@kth.se,20121129
keishah@nursing.upenn.edu,20130531
kelle.silvey@westminster-mo.edu,20120124
kelley-salem@uiowa.edu,20130416
kelly_allen@ipsd.org,20110928
kellypulford@augustana.edu,20100304
ken.young@kcl.ac.uk,20130515
kenneth.a.douglas@gm.com,20131212
kenneth.birkett@manchester.ac.uk,20140423
kennygillespie@adamsmith.ac.uk,20130501
kerstin.klacksell@eskilstuna.se,20140520
kessel.1@osu.edu,20120709
kevin-steussy@uiowa.edu,20110831
kevin.curtin@canterbury.ac.uk,20130514
kevin.greenlese@dgs.ca.gov,20120419
kevin.mitchell@state.mn.us,20110325
kfeemste@tulane.edu,20111025
kfiddler@chaucer.ac.uk,20131127
kfmy000@tamuk.edu,20120322
kgallig@tcd.ie,20150713
kgkays@k-state.edu,20130828
khale@state.pa.us,20090826
khinami@nmh.org,20120824
kitae.kim@oregonstate.edu,20120820
kitty.schagen@stenden.com,20110311
kjohn406@live.kutztown.edu,20091001
kkamos@k-state.edu,20130828
kkell17@k-state.edu,20120123
kkmier@healthcare.uiowa.edu,20110831
klmaki@fdltcc.edu,20100715
kmh9@st-andrews.ac.uk,20121119
kmoore@oregonstate.edu,20100209
kollar@rider.edu,20140220
kpoole@nsd.org,20121004
krieke@msdwt.k12.in.us,20110517
kris.wauters@uclouvain.be,20121129
krister.reed@eskilstuna.se,20140520
krix@dmu.ac.uk,20130515
krobertson@tburg.k12.ny.us,20151014
krobinson@utep.edu,20100408
krosales@tulane.edu,20111025
kryan55@k-state.edu,20130828
ksands@mmsd.com,20120816
kseichter@wwusd.org,20120813
kservais@noctrl.edu,20090407
kthanapa@glam.ac.uk,20120306
kwikholm@lion.lmu.edu,20140813
kwilder@odu.edu,20100831
kwok@slac.stanford.edu,20100216
kwood@santarosa.edu,20101019
l.a.aymerjeffrey16@canterbury.ac.uk,20130514
l.beranek@latrobe.edu.au,20101013
l.c.king@2008.hull.ac.uk,20110321
l.cahill@latrobe.edu.au,20100825
l.chen20@lse.ac.uk,20130318
l.cook@brookes.ac.uk,20110223
l.couch-smith@brighton.ac.uk,20160114
l.davies@glyndwr.ac.uk,20100308
l.h.leighton@bradford.ac.uk,20130501
l.hall@bradfordcollege.ac.uk,20130501
l.j.lazarou@greenwich.ac.uk,20130501
l.jamieson2@rgu.ac.uk,20130501
l.johnson1@salford.ac.uk,20130510
l.m.bianchi@shu.ac.uk,20100902
l.n.j.d.windt@student.tue.nl,20150410
l.nicol@plymouth.ac.uk,20131127
l.r.cook@city.ac.uk,20130501
l.richards.1@bham.ac.uk,20110121
l.southall@su.arts.ac.uk,20130122
l.spry@derby.ac.uk,20100218
l.tewson@2004.hull.ac.uk,20120221
labakr@healthcare.uiowa.edu,20150518
labock@utu.fi,20130118
lac1v09@soton.ac.uk,20110908
lak2hss@bolton.ac.uk,20130618
lalitsingh@nus.edu.sg,20090821
landrews@keene.edu,20100121
langley.brown@mmu.ac.uk,20160415
lanwermeyer.1@osu.edu,20110810
lapk1_12@uni.worc.ac.uk,20130501
larionovsr@cardiff.ac.uk,20130501
larry-squire@uiowa.edu,20130909
larry.cooper@cms.k12.nc.us,20100125
latanya.crawford@detroitk12.org,20110819
laura.gray@ucdenver.edu,20110819
laura.labriola@uclouvain.be,20101103
laura@nresponse.com,20130716
lauren.kerzin-storrar-2@manchester.ac.uk,20140423
lava0050@umn.edu,20110401
lbayonne@tulane.edu,20111025
lbentley@math.utoledo.edu,20100305
lblanchard@cambrianinsurance.com,20101007
lbridg01@bucks.ac.uk,20090206
lclemons@gced.k12.mn.us,20130311
lcoley01@qub.ac.uk,20100217
lcolon@bridgeportedu.net,20120807
lcooper@jccc.edu,20120222
ldblack@mtech.edu,20091210
ldelmore@nd.gov,20110307
ldjoy@impulse.net.au,20121101
leanne.anderson@unsw.edu.au,20151117
ledelman@bentley.edu,20110927
lee.wright@bolton.ac.uk,20130502
lehri@gc.cuny.edu,20130417
leidschrift@hum.leidenuniv.nl,20131121
leif.erickson@century.edu,20110309
leif.lindberg@lnu.se,20141030
lelias@utsc.utoronto.ca,20160321
lena.thorselius@vgregion.se,20130513
levertc@tulane.edu,20111025
leymarin@bu.edu,20110822
lfadel@ivytech.edu,20130729
lgerdes@ku.edu,20090917
lgoldberg@rider.edu,20140220
lgreco@bjvs.k12.oh.us,20110531
lgyjt@nottingham.ac.uk,20130502
lherrmann@wctc.edu,20090719
lhoffman@lawsonimaging.ca,20140710
liming.chen@dmu.ac.uk,20151218
linda.caterino@asu.edu,20100218
linda.lyons@hey.nhs.uk,20150408
linda.varley@manchester.ac.uk,20130501
lingxu@usc.edu,20121031
lipu@cowi.dk,20090814
lisa.gordon-clark@roehampton.ac.uk,20130502
liz.banks@uwe.ac.uk,20110927
liz.thomas@snc.ac.uk,20130502
liz.townend@southglos.gov.uk,20110523
ljackson@cchs.ua.edu,20090218
ljimpson@albany.k12.ny.us,20090915
lmueller@ivytech.edu,20130729
lmumby@lincoln.ac.uk,20150414
lois.brown@abdn.ac.uk,20120430
loren_gary@hks.harvard.edu,20120413
lori.siewell@oregonstate.edu,20120105
lotta.eliasson@svenskakyrkan.se,20130322
lpatzwald@santarosa.edu,20130205
lrplotnik@sas.rutgers.edu,20120810
lsherlock@hsc.wvu.edu,20160518
lspaith@uwhealth.org,20090114
lstalians@hollister.k12.mo.us,20111103
lstanfie@ivytech.edu,20130729
lstricker@faseb.org,20120427
lt25@st-andrews.ac.uk,20121002
ltiller@rvc.ac.uk,20130502
lts005@shsu.edu,20120213
luca.sangiorgi@ior.it,20140401
lucas-t-roach@uiowa.edu,20150504
luciana-cunha@uiowa.edu,20121126
luk.van-wassenhove2@insead.edu,20100212
luk.van-wassenhove@insead.edu,20090824
luke.hodgkin@kcl.ac.uk,20100416
lwood@ecok.edu,20120420
lwxpsni@nottingham.ac.uk,20130502
lynn.barlow@uwe.ac.uk,20111022
lynn.j.mckinley-grant@medstar.net,20150608
lynn.jones@bucks.ac.uk,20130502
lynne-himmelreich@uiowa.edu,20110831
lynne.preece@uwe.ac.uk,20101005
lynne.walker@sas.ac.uk,20111018
m.a.pearson@salford.ac.uk,20140206
m.a.verheijen@tue.nl,20110418
m.andrew@leedsmet.ac.uk,20091215
m.brown3@brighton.ac.uk,20151007
m.burton@surrey.ac.uk,20130507
m.c.e.vandesande@hhs.nl,20110406
m.clark.1@research.gla.ac.uk,20130305
m.d.anderson@derby.ac.uk,20130118
m.d.waal@nki.nl,20121010
m.dunhill@csm.arts.ac.uk,20130122
m.freymann@mmu.ac.uk,20130625
m.g.bridge@lse.ac.uk,20101101
m.garabedyan2@brighton.ac.uk,20150615
m.gijsberts@vumc.nl,20100909
m.goodfellow@rhul.ac.uk,20090206
m.greated@gsa.ac.uk,20091111
m.guo@tue.nl,20110311
m.j.ijspeert@student.uva.nl,20100609
m.j.king@sussex.ac.uk,20120508
m.k.awodele@lboro.ac.uk,20121010
m.khatun@strath.ac.uk,20110531
m.khoshgoftar@tue.nl,20121113
m.loton@plymouth.ac.uk,20130501
m.menconi2@brighton.ac.uk,20160129
m.merkel@german.arts.gla.ac.uk,20130515
m.momeni@abdn.ac.uk,20130125
m.motegh@tudelft.nl,20110107
m.perman@swansea.ac.uk,20101020
m.prieckaerts@maastrichtuniversity.nl,20110210
m.rooney@qub.ac.uk,20130213
m.s.innocente@swansea.ac.uk,20130502
m.saunders@noc.soton.ac.uk,20100831
m.shafizadehkenari@ucl.ac.uk,20120224
m.spencer@csm.arts.ac.uk,20130122
m.srikes@surrey.ac.uk,20130507
m.stanton@ucb.ac.uk,20130501
m.t.page@soton.ac.uk,20131212
m.t.tasan-kok@tudelft.nl,20120717
m.taylor@education.leeds.ac.uk,20090918
m.themis@imperial.ac.uk,20130430
m.thomas@kingston.ac.uk,20130501
m.thompson@soton.ac.uk,20100617
m.tinelli@abdn.ac.uk,20100303
m.w.s.ramsoekh@tudelft.nl,20121008
m.wells1@physics.ox.ac.uk,20130501
m.wielkens@dienst.vu.nl,20100909
m.williams@surrey.ac.uk,20130507
m_young@ioe.ac.uk,20090417
ma00365@surrey.ac.uk,20130507
mackk@rider.edu,20140220
maddoxy@exchange.nih.gov,20130909
madisone@muskingum.edu,20131010
madisons@sacredheart.edu,20091202
mae@aber.ac.uk,20090901
maggie.weber@uwe.ac.uk,20110916
mainigim@uphs.upenn.edu,20110420
maisla@kth.se,20121129
malbahr@k-state.edu,20100625
malcolm.day@nottingham.ac.uk,20130502
malcolm.lewis@otago.ac.nz,20090720
malcolm.soule@csun.edu,20100701
malgorzata.pilot@durham.ac.uk,20120713
mamali@utu.fi,20130118
mamodu21027@itc.nl,20110406
mandy.murray@abdn.ac.uk,20100303
mandy.rose@uwe.ac.uk,20111022
manfred.ketsdevries@insead.edu,20100212
mangold@pitt.edu,20121003
manushak.movsisyan@csun.edu,20101021
marcel.corstjens@insead.edu,20100212
marchett@bcm.edu,20131105
marco.ten.hoor@stenden.com,20110411
margaret.broadberry@uwe.ac.uk,20100715
margaret.childs@nottingham.ac.uk,20130502
margaret.page@uwe.ac.uk,20100324
margaret.patrickson@unisa.edu.au,20111218
margaret.whittle@uwe.ac.uk,20101005
maria.arpon@memorialhermann.org,20150904
maria.giannaccini@uwe.ac.uk,20140109
maria.greany@uwe.ac.uk,20120917
mariamma.joseph@lhsc.on.ca,20110509
mariavictoria.gomez@uclm.es,20120515
marie.gerusdurand@ludwig.ox.ac.uk,20111005
marie.provine@asu.edu,20090416
marieg@carmel.ac.uk,20130514
marion.vetter@uphs.upenn.edu,20121011
marja.van.der.putten@bureau.knaw.nl,20100909
mark.donohue@babson.edu,20090715
mark.perry@eds.com,20090623
mark.wester@state.mn.us,20110325
mark.woodland@drexelmed.edu,20090317
markusla@kth.se,20121129
martha.scheckel@hc.msu.edu,20110930
martin.moors@hiw.kuleuven.be,20120904
martin.porter@highbury.ac.uk,20130510
marvin.aaron@mcckc.edu,20130409
mary-new@uiowa.edu,20130416
mary-widman@uiowa.edu,20110831
mary.blanchard@durhamcollege.ca,20140620
mary.dean@uconn.edu,20100119
mary.hamm@pearson.com,20111220
mary.heimann@strath.ac.uk,20091110
mary.hind@ntu.ac.uk,20130501
mary.malone@kcl.ac.uk,20130515
mary.odonovan@ucc.ie,20090929
mary.philp@abdn.ac.uk,20110120
mary_claytor@ipsd.org,20110928
maryam.torshizi@seh.ox.ac.uk,20120229
maryanne.dowling@villanova.edu,20090414
mashekiajones@texashealth.org,20120531
mass0143@d.umn.edu,20130506
masters@uthscsa.edu,20091117
mathew.emmett@plymouth.ac.uk,20130501
mats.johansson@nybro.se,20150116
matt.harris@csun.edu,20100701
matt.hockett@stoughton.k12.wi.us,20130530
matthew-mcparland@uiowa.edu,20140923
matthew.alexander.cordiner.07@aberdeen.ac.uk,20130515
matxalen.llosa@unican.es,20100520
maureen.byrne@edhec.edu,20130419
maureen.macpherson@lhsc.on.ca,20110505
max.field@glasgow.ac.uk,20130225
max.lueck2@hartpury.ac.uk,20130501
maya.clark@hc.msu.edu,20110930
maytealvarez@manchester.ac.uk,20140423
mb.martin@ulster.ac.uk,20130507
mbinder@chpnet.org,20121008
mbishop@essex.ac.uk,20130215
mcadm@wawm.k12.wi.us,20090407
mcarlson@gc.cuny.edu,20101101
mcarter100@ivytech.edu,20130729
mcb313@lehigh.edu,20120507
mccreaf@gvsu.edu,20130821
mcdavlin@dom.edu,20090415
mcinned@lsbu.ac.uk,20130502
mcr.president@queens.ox.ac.uk,20120229
mcw.lindeboom@alfa-college.nl,20130226
mcwilld@martin.k12.fl.us,20110817
mda07jwl@sheffield.ac.uk,20130122
mdlegacy@mail.plymouth.edu,20100715
mehrdad.darvishpour@mdh.se,20131115
mehrdokht.rashidian@csun.edu,20100728
memilia.cambronero@uclm.es,20120515
mercedes.cox@avemaria.edu,20140423
mercedes.gonzalez-juarrero@colostate.edu,20101117
meschuh@davidson.edu,20100303
mfach@k-state.edu,20110819
mflynn@usc.edu,20121031
mgasper@po-box.esu.edu,20140225
mgolson@healthcare.uiowa.edu,20130403
mhanlin@tcc.edu,20111010
mheller@ifm-geomar.de,20110518
mhillperkins@ciff.org,20091021
mhkurk@utu.fi,20130118
mian.ng@uwe.ac.uk,20110906
mian@bcm.tmc.edu,20100113
michael.collins@mwsu.edu,20090819
michael.jarvis@northumbria.ac.uk,20130502
michael.kew@wits.ac.za,20130725
michael.sharpe@lhsc.on.ca,20111011
michael.themis@brunel.ac.uk,20120725
michael.towers@chch.ox.ac.uk,20130501
michaelbugg@rfnow.com,20120423
michelle.allen@kishwaukeecollege.edu,20130314
michelle.brown@tc.gc.ca,20100409
mike.jarvis@northumbria.ac.uk,20130502
mike.lord@warwick.ac.uk,20130118
milonakis@econ.soc.uoc.gr,20120914
milvia.concas@new-haven.k12.ct.us,20120717
minati-singh@uiowa.edu,20121126
minkyung.kim-2@postgrad.manchester.ac.uk,20140423
mirjam.ekstedt@ki.se,20160329
mjelen@uvic.ca,20110211
mjknight@mail.plymouth.edu,20111216
mjkurtz@minuteman.org,20100603
mkennedy@idirect.com,20141103
mkrolikowski@springvillegi.org,20131203
mktplace_customerservice@intuit.com,20150911
mleitne@lsu.edu,20111109
mlf@du.se,20150423
mmachado@lifespan.org,20100804
mmarty@ivytech.edu,20130729
mmcfarlin@cau.edu,20130322
mmepun@utu.fi,20130118
mmullett@hatch.com.au,20120514
mohammad.alomary.09@ucl.ac.uk,20120224
mohammadali-alqudah@uiowa.edu,20120924
mohammed.salem@postgrad.manchester.ac.uk,20140423
moira.doolan@kcl.ac.uk,20130515
monica.munozlopez@uclm.es,20120515
monika.oechsler@uwe.ac.uk,20111004
monso011@umn.edu,20110308
montse.weeks@uwe.ac.uk,20120917
moodyale@msu.edu,20111021
morag.campbell@stir.ac.uk,20090212
moranp@oregonstate.edu,20120820
mororke04@qub.ac.uk,20130213
moudega@pitt.edu,20120913
moutassem.salha@postgrad.manchester.ac.uk,20140423
mpieczka@qmu.ac.uk,20130118
mpover@ucreative.ac.uk,20130510
mra@michiganrailroadsassociation.com,20130725
mraggi@rider.edu,20140220
mrecto@tulane.edu,20111025
mredman@upenn.edu,20110405
msaper@gwu.edu,20110907
msauk@uwhealth.org,20091203
mshobe@uark.edu,20121119
msigner@aamc.org,20110913
msmit230@fau.edu,20130219
mspeidel@jeffco.edu,20130311
mt12g11@soton.ac.uk,20130123
mtaaziz@kth.se,20121129
mtanig@kansaigaidai.ac.jp,20090727
mterborgh@ccmcf.org,20111107
munir006@umn.edu,20160620
muxing.guo@mtm.kuleuven.be,20141014
mwazi09583@alumni.itc.nl,20101112
mweisige@nmsu.edu,20130424
mzyzkgp@nottingham.ac.uk,20130502
n.al-shanti@mmu.ac.uk,20130625
n.balakrishnan@student.tue.nl,20150831
n.howell@surrey.ac.uk,20091201
n.i.teplate@uu.nl,20101007
n.lastra-calvo@lboro.ac.uk,20140130
n.leick.marius@tue.nl,20140430
n.madani@se11.qmul.ac.uk,20130527
n.pickwoad@arts.ac.uk,20130122
n.robson@nhm.ac.uk,20130114
n.taylor@mmu.ac.uk,20160415
n0280375@ntu.ac.uk,20131127
n02908623@ntu.ac.uk,20131127
na10@st-andrews.ac.uk,20130524
nagelpt27@uww.edu,20091204
nancy.livingston@century.edu,20110309
nancy.naples@uconn.edu,20100119
nancy_dynkowski@ipsd.org,20100120
naomi.bentley@student.manchester.ac.uk,20140423
natalie_alas@baylor.edu,20130305
natasa.klun@guest.arnes.si,20121102
naths@mail.med.upenn.edu,20101015
nayllon@pasen.gov,20101028
nbclark@ucdavis.edu,20130912
nddavisson@ucdavis.edu,20130912
neal.peresdacosta@sydney.edu.au,20121112
nebehrens@ucdavis.edu,20130912
nedah.hassanali@kcl.ac.uk,20130515
neha.b@nus.edu.sg,20090728
nehaegel@episd.org,20130307
neilvaidy@gmail.com,20151214
nekhan@ucdavis.edu,20150211
nellie.oehler@oregonstate.edu,20110415
nellie.ursem@hu.nl,20121217
nelson1@bu.edu,20110517
nelson@liverpool.ac.uk,20111209
nepveux@ku.edu,20090917
nhad@hughes.net,20110307
nick.timms@port.ac.uk,20130510
nick.wiseman@plymouth.ac.uk,20111012
nicole.schaefer@ec.europa.eu,20090728
nina.sverdvik@solent.ac.uk,20130501
nisakorn.srichoom@csun.edu,20101115
njschnei@iowa.uiowa.edu,20120906
no-reply@d.umn.edu,20131010
no_reply@ecu.edu,20131127
nolan@cua.edu,20091001
noorhanisah-abdulrazak@uiowa.edu,20131010
noreply.helpdesk@st-andrews.ac.uk,20130501
noreply@csun.edu,20100901
noreply@d.umn.edu,20120131
noreply@esc.cam.ac.uk,20131125
nqybjah1@nottingham.ac.uk,20130502
nrj7@leicester.ac.uk,20090527
nsanjuan@rider.edu,20140220
nshel139@wssu.edu,20100113
ntkhiem@agu.edu.vn,20110328
nubia.gerhardt@embrapa.br,20121108
nxp955@bham.ac.uk,20130510
nxyceks@nottingham.ac.uk,20130502
o.lorain@polymem.fr,20111101
oare@oaresciences.org,20111111
ogilvy.scholarship@brunel.ac.uk,20130501
ohanlonf@lafayette.edu,20101213
olaleyek@roehampton.ac.uk,20130502
olavesen@cardiff.ac.uk,20130501
olgasolomina@yandex.ru,20110126
olivier.ska@uclouvain.be,20121127
online876643@telkomsa.net,20100225
ormejw@cardiff.ac.uk,20130501
osbornez@msu.edu,20110531
oscar.pena@philips.com,20110916
osei23782@alumni.itc.nl,20110406
ottinger_donald@cam.ac.uk,20131125
outi.wallin@tamk.fi,20130403
oyedele-j@email.ulster.ac.uk,20130507
p.c.alcock@bham.ac.uk,20090121
p.collins@mmu.ac.uk,20130625
p.eaton@blackburn.ac.uk,20130507
p.ehrentraut@uva.nl,20130503
p.ellingworth@abdn.ac.uk,20110929
p.hayes@ed.ac.uk,20100531
p.j.j.kemper@uva.nl,20151012
p.kata@uva.nl,20100609
p.lackey@surrey.ac.uk,20130507
p.lickiss@imperial.ac.uk,20100114
p.mertz@mumc.nl,20120618
p.mileham@bham.ac.uk,20131105
p.rawlinson@uws.edu.au,20150326
p.rawson@hud.ac.uk,20120416
p.wilson@psychology.bbk.ac.uk,20130501
p0076019@brookes.ac.uk,20130515
pamela-white@uiowa.edu,20110831
pamela.batham@hey.nhs.uk,20150408
pat.homewood@uwe.ac.uk,20110912
pat.ledon@chemistry.gatech.edu,20121203
pat20@aber.ac.uk,20131127
patrice.lloyd@uwe.ac.uk,20101019
patricia-a-foster@uiowa.edu,20130909
patricia.a.mosby@medstar.net,20150608
patricia.davis03@detroitk12.org,20110819
patsy.cox@csun.edu,20101008
paul.atkison@lhsc.on.ca,20111011
paul.beagle@morrow.k12.or.us,20121220
paul.drury@wsc.ac.uk,20130514
paul.fusco@ct.gov,20120208
paul.langley@northumbria.ac.uk,20100615
paul.majewski@ncn.ac.uk,20130515
paula.hallam@nottingham.ac.uk,20130502
paula.ohanlon@dcu.ie,20120918
paulson@kth.se,20120320
payroll@soton.ac.uk,20130123
pbarkley@oregonstate.edu,20110830
pbayerl@composite.rsm.nl,20101027
pbrown@glos.ac.uk,20130502
pburton@islc.net,20120123
pcwill@mckendree.edu,20110421
pdevillers@wdpsd.com,20110107
pearsosa@lsbu.ac.uk,20110509
pefergus@uvm.edu,20120911
penni063@umn.edu,20100806
penny.coutts@iag.com.au,20160418
peter.raynes@eng.ox.ac.uk,20100818
pflick@oxy.edu,20100113
philed@hope.ac.uk,20130507
philip-jones@uiowa.edu,20140812
philip.higham@rncm.ac.uk,20130501
philippe.theytaz@netplus.ch,20120207
phillip.chamberlain@uwe.ac.uk,20120917
phillip.rakowski@oregonstate.edu,20160303
phills-meyer@uwhealth.org,20090114
phite@wcupa.edu,20150402
photo-equip@uiowa.edu,20120924
pierre.hutter@hopitalvs.ch,20120629
pilar.lopez@ec.europa.eu,20090728
pingry-kilel@district112.org,20110920
pjep@fotonik.dtu.dk,20101029
plambey@uark.edu,20121119
pneighmond@npr.org,20130109
pnoble@bcm.edu,20130813
pnw002@shsu.edu,20100524
pokus@coventry.ac.uk,20130527
pollard.58@osu.edu,20091109
prejya@leeds.ac.uk,20090918
pretten1@msu.edu,20110915
pryan@glam.ac.uk,20130315
pschaaf@kcmsd.net,20121130
pswai1@eq.edu.au,20100326
puffa@farmingdale.edu,20141202
pwerhane@depaul.edu,20100429
pz6ac@herts.ac.uk,20130502
qamar@ksu.edu.sa,20110819
quh@uci.edu,20151019
r.c.hudson@derby.ac.uk,20131212
r.duffett@ucs.ac.uk,20130507
r.fu@lancaster.ac.uk,20111004
r.gertz@ieee.org,20120208
r.h.vangent@uu.nl,20110211
r.hauzer@student.maastrichtuniversity.nl,20150930
r.heffernan@bolton.ac.uk,20131010
r.j.lilford@bham.ac.uk,20091007
r.j.mcclelland@qub.ac.uk,20090326
r.j.pistorius@uva.nl,20160509
r.jones@worc.ac.uk,20130215
r.k.al-dadah@bham.ac.uk,20091007
r.khan@bolton.ac.uk,20130502
r.kirk@2010.hull.ac.uk,20120418
r.krams@imperial.ac.uk,20131127
r.m.clement@swansea.ac.uk,20130228
r.m.sarion@uva.nl,20140310
r.m.singh@uva.nl,20140228
r.pierce-jones@worc.ac.uk,20130501
r.r.jordan@bham.ac.uk,20100803
r.vandenboorn@fontys.nl,20110413
r.w.daisley@bton.ac.uk,20100304
r.w.hewson@leeds.ac.uk,20090918
r.watson@ballarat.edu.au,20120905
r.wood@imperial.ac.uk,20101203
r.zoellner@leedsmet.ac.uk,20130501
r02ld11@abdn.ac.uk,20121105
r08ss0@abdn.ac.uk,20110307
rajni.hatti-kaul@biotek.lu.se,20120810
rameshm@mun.ca,20120423
ran2x@eservices.virginia.edu,20130924
randi.ingvaldsen@imr.no,20130205
randy.aker@csun.edu,20100728
rao@uta.edu,20110326
rapisardan@rider.edu,20140220
rasconjr@onid.orst.edu,20110401
rasha.khatib@phri.ca,20130705
rat@st-andrews.ac.uk,20141013
raul.torres@imperial.ac.uk,20100408
ray.priest@uwe.ac.uk,20120917
rbaghdad@jccc.edu,20120222
rbrown-garcia@wccusd.net,20110114
rcalvo@cde.ca.gov,20130918
rcarr@msubillings.edu,20100916
rceen@bcd.tamhsc.edu,20110513
rcomstoc@ivytech.edu,20130729
rebecca-anthony@uiowa.edu,20130318
recril@essex.ac.uk,20130215
reebsc@uchastings.edu,20101013
reena.judd@quinnipiac.edu,20120319
renee.carr@oregonstate.edu,20120719
ret_jrh@shsu.edu,20120213
rgronstedt01@qub.ac.uk,20130213
rhammond1@mail.plymouth.edu,20121015
rhammond@mail.plymouth.edu,20111216
rianto20445@alumni.itc.nl,20140228
richard.anderton@uwe.ac.uk,20100712
richard.finlay@strath.ac.uk,20120703
richard.robbins@uwe.ac.uk,20110914
richard.vann@sydney.edu.au,20100611
richelle-miller@uiowa.edu,20130909
riiasa@utu.fi,20130118
rishia@karmanos.org,20111109
rita.sacks@cengage.com,20091221
rita.sousa-nunes@kcl.ac.uk,20130515
ritaccoe@rider.edu,20140220
ritchie.robertson@mod-langs.ox.ac.uk,20110808
riversen@sp2.upenn.edu,20101209
rivohra@hsc.wvu.edu,20160518
rjm18@cornell.edu,20120702
rjohnb@essex.ac.uk,20130215
rkirkpatrick@santarosa.edu,20101019
rkjadoon@kth.se,20121129
rkoozer@hastings.edu,20120109
rlombardi@piaa.org,20130920
rmaple@kumc.edu,20091022
rmurray@myerscough.ac.uk,20130502
rnoubary@bloomu.edu,20100706
rob.meijer@hu.nl,20121217
robert.af.wetterstedt@wspgroup.se,20130307
robert.carachi@glasgow.ac.uk,20130225
robert.summers@uwe.ac.uk,20100924
roberta.gregoli@queens.ox.ac.uk,20120229
roberta.simmons@mvnu.edu,20121010
roemer@uta.edu,20101201
roger.conlon@uwe.ac.uk,20120917
roger.southall@wits.ac.za,20130725
rohill@tcc.edu,20111004
roland.vogt@plymouth.ac.uk,20150213
rolf.thunstrom@junetbredband.se,20131107
romain.mallet@univ-angers.fr,20101130
romi.korotana09@imperial.ac.uk,20130430
ronald.droste@uottawa.ca,20100216
ronda-k-wilson@uiowa.edu,20150330
rosa-maria.porreca@curie.fr,20140923
rosalie@nwmissouri.edu,20120814
rosamaria.chacon@csun.edu,20101016
rosie.dubose@century.edu,20110309
ross.lamport@port.ac.uk,20130510
rosslis@auburn.edu,20130307
rowansue@abdn.ac.uk,20120322
roysunet@msu.edu,20111202
rprineas@wfubmc.edu,20091023
rramig@bcm.edu,20140528
rrf@soton.ac.uk,20110901
rsifers@bcm.tmc.edu,20100113
rsimpson@london.edu,20111028
rsmoot@neelyville.k12.mo.us,20111103
rtomlin@richland.edu,20130815
rtorrecilha@csudh.edu,20120426
ruben.thanacoody@nuth.nhs.uk,20100707
ruiying.wang@port.ac.uk,20130510
rusty.riese@bp.com,20100922
ruth.forster@bfh.ch,20140508
ruth.phillips@sydney.edu.au,20101001
rw296@exeter.ac.uk,20130128
rxc006@shsu.edu,20120213
rxm@phys.ksu.edu,20120601
s-mayfield@govst.edu,20090610
s.3.brown@herts.ac.uk,20130502
s.a.cooper@soton.ac.uk,20110310
s.abrantesgarcezpalha@uva.nl,20100609
s.allan@abcol.ac.uk,20130527
s.ayyapureddi@tue.nl,20120612
s.dawes@bathspa.ac.uk,20121128
s.demel@gre.ac.uk,20090206
s.dracopoulou@mdx.ac.uk,20130118
s.elliott@kingston.ac.uk,20130501
s.fried@uq.edu.au,20101007
s.gummadi@reading.ac.uk,20091214
s.i.m.herpoel@uu.nl,20101007
s.j.hordern@bham.ac.uk,20090120
s.lawson@hud.ac.uk,20140926
s.lozowski-sullivan@wmich.edu,20130226
s.m.laird@shu.ac.uk,20111101
s.m.lavelle@uva.nl,20141018
s.mccool@ucc.ie,20090929
s.munao@vu.nl,20121022
s.nazirizadeh@soton.ac.uk,20150824
s.oreilly@lboro.ac.uk,20101029
s.p.davies@warwick.ac.uk,20130118
s.p.mcardle@greenwich.ac.uk,20130501
s.posocco@lse.ac.uk,20130318
s.pritchard.550854@swansea.ac.uk,20130502
s.r.c.mccracken@newcastle.ac.uk,20100929
s.reid@gsa.ac.uk,20091111
s.schroer@abdn.ac.uk,20120507
s.spencer@shu.ac.uk,20130124
s.sporken@hszuyd.nl,20100909
s.stranges@warwick.ac.uk,20130118
s.strauss@cancer.ucl.ac.uk,20120224
s.townley@bristol.ac.uk,20120628
s.udubasceanu10@canterbury.ac.uk,20130514
s.vogt@student.fontys.nl,20130809
s1013457@student.windesheim.nl,20101008
sa.play@northumbria.ac.uk,20130502
sa00334@surrey.ac.uk,20130507
saawo@alumni.itc.nl,20110426
saffarip@aston.ac.uk,20100222
saffron-henke@uiowa.edu,20130401
salinger@uci.edu,20150930
sally.randles@manchester.ac.uk,20130122
sally.spruce@uwe.ac.uk,20111004
samborskij@harrisonville.k12.mo.us,20110425
samina.ahmed@postgrad.manchester.ac.uk,20130122
sandra.johnson@hull.ac.uk,20101006
sandra.sparrius@port.ac.uk,20120104
sandy.young1@castlecollege.ac.uk,20130502
sanjib.dey.1@city.ac.uk,20130501
sansari.mim2011@london.edu,20110712
sarah.dixon@stir.ac.uk,20100903
sarah.hobbs@uwe.ac.uk,20111004
sarah.jinks@kellogg.ox.ac.uk,20111005
sarah.k.bunt@plymouth.ac.uk,20130501
sarah.whitehouse@uwe.ac.uk,20120917
sarahjane.gilvear@stir.ac.uk,20100903
saskia.homoet@stenden.com,20110411
saskia.penninga@stenden.com,20120606
sbethell@uwic.ac.uk,20130501
sbradley@hbs.edu,20120610
scalisem@rider.edu,20140220
scasby@uclan.ac.uk,20130507
schaefferr@umkc.edu,20121130
scm@northwestern.edu,20091215
scole@ivytech.edu,20130729
sdhinton@wm.edu,20130729
sdray@ucreative.ac.uk,20130510
seanh@rider.edu,20140220
security@intuit.com,20150911
security@quickbooks.com,20150911
sejjkyc@ucl.ac.uk,20120224
selwyn.stanley@plymouth.ac.uk,20130501
serappyr@mail.med.upenn.edu,20120217
service-disk@ucs.cam.ac.uk,20131125
sfp9@aber.ac.uk,20131127
sfw25@sussex.ac.uk,20090403
sgillitzer@uwlax.edu,20151104
sgrieve@qmu.ac.uk,20110328
sh221@brighton.ac.uk,20100304
shanggar.kuppusamy@uwe.ac.uk,20110805
shangodoyink@mopipi.ub.bw,20110913
sharon.bainbridge@leeds-art.ac.uk,20131127
sharon.carlin@candi.ac.uk,20130501
sharon.hines-smith@stockton.edu,20121001
sharon.maidens@bishopg.ac.uk,20130501
sharon.moore@pps.k12.va.us,20101123
sharon2.humphries@uwe.ac.uk,20140509
sheau.lok@mh.org.au,20150204
sheena.allan@abcol.ac.uk,20130527
sheena.payne@uwe.ac.uk,20101005
sheila.j.mehring@medstar.net,20150608
shermekia.young@memorialhermann.org,20150904
sherylbrown@wlcsd.org,20131105
shimul.haider@lboro.ac.uk,20100603
shirley.law@stir.ac.uk,20100903
shoshana.magnet@uottawa.ca,20100216
sian.winston@liverpool.ac.uk,20090212
sidsmith@umich.edu,20100330
sietz028@regis.edu,20130716
silvio.aldrovandi.1@city.ac.uk,20130501
simmonsl@duvalschools.org,20091028
simone.start.1@city.ac.uk,20130501
singhu2@lsbu.ac.uk,20130502
skilliterm@mb.noacsc.org,20160309
skohn@nd.gov,20120703
slavra@po-box.esu.edu,20110503
slcourtney@mail.plymouth.edu,20111216
slerer@ucsd.edu,20091120
smartin1@uvic.ca,20110211
smeisler@montcopa.org,20111123
smr001@marietta.edu,20091024
snidey@look.ca,20120228
software@quickbooks.com,20150911
solofrarj09@uww.edu,20091204
sonia.seneviratne@env.ethz.ch,20090511
sophia-gaynor@uiowa.edu,20130416
sophie.adams-foster@uwe.ac.uk,20110912
soybean@hurontel.on.ca,20100225
spaul@hsc.wvu.edu,20160518
sscarth@qmu.ac.uk,20130118
sshaw@ku.edu,20150715
ssykes10@ubishops.ca,20140508
stdasm24@shsu.edu,20101115
stdjag30@shsu.edu,20100524
stdkmc22@shsu.edu,20120213
steiner@cua.edu,20090804
stephaine.williams@detroitk12.org,20110819
stephanie.green@plymouth.ac.uk,20131127
stephen.howard@cornwall.ac.uk,20130501
stephen.mcgrady@anglia.ac.uk,20130507
steven.herron@newcastle.ac.uk,20100430
sthirsch@econ.berkeley.edu,20090218
stoessnm@gvsu.edu,20130107
strock@siena.edu,20120327
studentenraad@vumc.nl,20101020
stwong@tmhs.org,20110608
suebrown@archstl.org,20120411
suhair@glam.ac.uk,20130315
support-149@girton.cam.ac.uk,20130501
support.yale@debix.com,20111215
support@digitalinsight.com,20121102
support@intuit.com,20150911
support@web.com,20100115
surdacki@k-state.edu,20130828
suresh.joseph@ntw.nhs.uk,20110919
susan.golab@oakland.k12.mi.us,20130828
susan.hartley@ucdenver.edu,20120817
susan.simpson@ntu.ac.uk,20131127
susan4.jackson@uwe.ac.uk,20101005
susani@k-state.edu,20130828
susanne.collier-lakeman@csun.edu,20101108
susie.arnold@gowercollegeswansea.ac.uk,20130510
suzanne.ford@uwe.ac.uk,20100524
suzanne.hawkins@plymouth.ac.uk,20131127
suziec@pharmacy.rutgers.edu,20150429
sven.arndt@claremontmckenna.edu,20110610
swalters@rvc.ac.uk,20130502
sweetiam@ntu.edu.sg,20150408
swh@yale-wrexham.ac.uk,20130502
swifco@eircom.net,20120705
system_mail@e-academy.com,20101118
szrehman@ksu.edu.sa,20110819
t.a.a.pinto@qmul.ac.uk,20150708
t.adams@surrey.ac.uk,20130507
t.ashton@auckland.ac.nz,20090622
t.doller@donders.ru.nl,20151017
t.galati@kingston.ac.uk,20130828
t.grimsey@brighton.ac.uk,20130313
t.j.mckanna-maulkin@sussex.ac.uk,20120323
t.lehtonen@bton.ac.uk,20100304
t.mckinney@qub.ac.uk,20130213
t.stuart@imperial.ac.uk,20121218
t.sullivan@fashion.arts.ac.uk,20130122
tabou001@umn.edu,20110401
tadeo.reyna@tamuk.edu,20120322
tamara.horsburgh@uws.ac.uk,20111128
tania.hernandez@postgrad.manchester.ac.uk,20130122
tariq.aslam@manchester.ac.uk,20130122
tatianap@kth.se,20121129
tb7@brighton.ac.uk,20130528
tbates16@ivytech.edu,20130729
tbrown@golder.com.au,20150616
tcinkovi@irsc.edu,20120628
tcrawfor@nps.k12.va.us,20130305
tduvall@lesd.k12.or.us,20110512
ted.jaeger@westminster-mo.edu,20120123
tempbank@soton.ac.uk,20110908
terence.roberts@vu.edu.au,20120806
terence.spinks@csc.mrc.ac.uk,20130527
terryl.bacon@uwe.ac.uk,20140924
teschf@wcsu.edu,20090121
tess.radmill.07@claremontmckenna.edu,20110610
tfowler@eugenejls.com,20100708
theresa.a.joyce@kcl.ac.uk,20130515
theresarobinson@wlcsd.org,20130506
thomasjk@cardiff.ac.uk,20130501
thoni.houtveen@hu.nl,20100602
thulele.moreki@students.wits.ac.za,20130725
tim.guy@plymouth.ac.uk,20130501
tim.nichol@northumbria.ac.uk,20111005
tkelly@sas.rutgers.edu,20130821
tlevitin@nida.nih.gov,20110902
tlyons@redlandgreen.bristol.sch.uk,20110328
tmackey@ivytech.edu,20130729
tmcburney@belfastmet.ac.uk,20130507
tmill44@k-state.edu,20110324
tmissi@ivytech.edu,20130729
tmj1@columbia.edu,20141030
tmsather@ucsd.edu,20100315
tmtn1g10@ecs.soton.ac.uk,20130123
tommye_lou_davis@baylor.edu,20110407
tony.rowe@uwe.ac.uk,20120917
tools@intuit.com,20150911
tpalmbach@newhaven.edu,20120430
tracy.fitzgerald@uwe.ac.uk,20120917
trakalj@algonquincollege.com,20140127
trevor.jones@anglia.ac.uk,20130507
trudi.port@st-austell.ac.uk,20130501
ts239@st-andrews.ac.uk,20131030
tsehainesh.zeweldi@wur.nl,20091116
tsepo.mamatu@wits.ac.za,20130725
tstid@ku.edu,20150715
tstraus@santarosa.edu,20130205
ttf22@bath.ac.uk,20110516
tuckman.5@osu.edu,20120802
tumwine@alumni.itc.nl,20110726
twhitcomb@farmersagent.com,20130205
twilson@ecok.edu,20120420
u.heyd@rhul.ac.uk,20130313
u.khadim@tue.nl,20110318
u0975721@hud.ac.uk,20120416
uandrosova@liberty.edu,20101209
ucjtcka@ucl.ac.uk,20120224
uguler.phd2008@london.edu,20111101
uhgalleries@herts.ac.uk,20130502
uitgeest.w@hsleiden.nl,20120109
uk-noreply@bris.ac.uk,20130502
umn@service-now.com,20120109
updates@intuit.com,20150911
upgrade@umn.edu,20141229
upsbillingcenter@ups.com,20120207
usaa.web.services@customermail.usaa.com,20101115
v.a.roberts@staffs.ac.uk,20110209
v.bone.623633@swansea.ac.uk,20101104
v.hirst@hud.ac.uk,20120416
v.kempe@abertay.ac.uk,20100223
v.m.gfader@hud.ac.uk,20121121
v.m.macdonald@hw.ac.uk,20131127
v.mak@qmul.ac.uk,20130527
v.robinson@arts.gla.ac.uk,20130515
v.robinson@ulster.ac.uk,20130507
vahida.lindstrom@svanen.se,20140220
val1v07@soton.ac.uk,20100930
valeriya.lyssenko@med.lu.se,20120508
validate@email.omnilert.net,20120215
vcheng@uea.ac.uk,20130501
vedwards@rider.edu,20140220
verificacion@st-andrews.ac.uk,20130501
veronika@leeela.com,20130725
vetick@cua.edu,20090804
vgabler@pitt.edu,20120831
vgould2@tulane.edu,20111025
vgv001@shsu.edu,20100719
vicky.bush@pearson.com,20111220
victoria.jones@students.bcu.ac.uk,20130607
vikramsingh.bisht@sgs.com,20160217
vinay.nundlall@rhul.ac.uk,20130313
vincent_mor@brown.edu,20110909
virginia.malone@sinclair.edu,20100322
vivian.stratton@camborne.ac.uk,20130501
vladimir-shusterman@uiowa.edu,20140812
vlegrand@ncmich.edu,20110819
vlutje@liverpool.ac.uk,20091119
vnd_mpw@shsu.edu,20120213
voib1_12@uni.worc.ac.uk,20130501
vsherrel@tulane.edu,20111025
vvalentine@hastings.edu,20120109
vwl@insead.edu,20100212
w.akhtar@nki.nl,20121010
w.bakker@vumc.nl,20101201
w.grant@latrobe.edu.au,20101013
w.hughes@gcu.ac.uk,20130515
w.j.byrne@warwick.ac.uk,20130118
w.m.jolliffe@hull.ac.uk,20110512
w.tong@tue.nl,20150410
w.vaneesteren@erasmusmc.nl,20151119
wallinj2@southernct.edu,20121226
wasikow1@msu.edu,20120928
watsons@bismarck.k12.il.us,20120814
wayne.cascio@ucdenver.edu,20111115
wbarsan@med.umich.edu,20121213
wcm@st-andrews.ac.uk,20121002
wcoolbaugh@tburg.k12.ny.us,20151014
wcrozier01@qub.ac.uk,20130213
webmail-upgrade@cam.ac.uk,20130501
webmail@cam.ac.uk,20131125
webmaster@admin.cam.ac.uk,20131125
webmaster@cam.ac.uk,20131125
webmaster@esc.cam.ac.uk,20131125
webmaster@uni-frankfurt.de,20120518
webmasters@rutgers.edu,20100224
wen-liu-1@uiowa.edu,20151007
wendy.birky@csun.edu,20100701
wendy.walker@nottingham.ac.uk,20130502
westacott@alfred.edu,20090206
white3@sheffield.ac.uk,20130122
whitman.bouton@oregonstate.edu,20160303
wiebold_laurie@lacoe.edu,20121217
wilkinson@lynchburg.edu,20101028
william.p.winfree@nasa.gov,20130110
wilsonb@perry.k12.mi.us,20090219
wim.adam@hu.nl,20100602
winkd@duvalschools.org,20091028
wiveca.larsson@esh.se,20140826
wlaw@abcol.ac.uk,20130527
wluer@tulane.edu,20111025
wocasio@kellogg.northwestern.edu,20130909
wsherwood3@ivytech.edu,20130729
wwei2@bidmc.harvard.edu,20110606
xenie@aston.ac.uk,20130507
xiao-li@uiowa.edu,20131010
xiehang@hku.hk,20130520
y.cao@surrey.ac.uk,20130507
y.cerda@sussex.ac.uk,20111104
y.m.rees@swansea.ac.uk,20130502
y.zhao@tue.nl,20121113
yan.liu@concordia.ca,20140211
yangfa@rider.edu,20140220
yasser.mahmoud09@imperial.ac.uk,20120122
yiangosp.phd2010@london.edu,20110712
yjeon@uark.edu,20121119
ykim13@utk.edu,20120503
youliang@phys.ksu.edu,20120606
youngaie.kim@yale.edu,20110706
younglee@hku.hk,20130520
yrjo.tuunanen@aalto.fi,20140627
ys1cmr@bolton.ac.uk,20131010
yuesheng.li@qimr.edu.au,20100923
yuliya.zabyelina@sis.unitn.it,20130118
yvonne.gustavsson@sodra.com,20140228
z.a.m.abdallah@swansea.ac.uk,20130502
z.li@bham.ac.uk,20110705
zakiya@squ.edu.om,20111019
zaniolo@cs.ucla.edu,20150623
zaza.katsarava@uk-essen.de,20130318
zbhotto@engr.uvic.ca,20110418
zekia@khas.edu.tr,20091111
zennie.1@buckeyemail.osu.edu,20101025
zhaojie.ju@port.ac.uk,20130510
zhengc@kth.se,20121129
zhengt@exchange.nih.gov,20130213
zoe.poyser@bcu.ac.uk,20130607
zs12@cornell.edu,20120426
zsangkula@ksu.edu.sa,20110819
zuga0001@umn.edu,20111111
zukowski@broad.mit.edu,20090701
zuonaki.ongodiebi@postgrad.manchester.ac.uk,20140423
zy00014@surrey.ac.uk,20130507
